	diapaused_TE	mTor_TE	paused_TS	cluster
mmu-miR-2137	-2.98444082560843	-1.80826144595166	-2.3441057148204503	9
mmu-miR-503-5p	-1.4512454224492999	-3.19807210509812	-1.0594866442540898	9
mmu-miR-5126	-4.97444586002641	-1.68606291706138	-2.4601968288490097	9
mmu-miR-6240	-1.6110114691959398	-1.41123396330921	-2.07599965928302	9
mmu-miR-672-5p	-1.8393259646948599	-3.7766836582791297	-1.8239070452876	9
