	diapaused_TE	mTor_TE	paused_TS	cluster
mmu-let-7d-5p	2.43023943891953	1.61572117459579	-1.26987954316057	1
mmu-miR-135b-5p	3.3540273360999704	0.0	0.573703984571395	1
mmu-miR-23a-3p	2.2066967318525896	2.34809694801055	-0.0012933459275448	1
mmu-miR-30b-5p	2.26903300375592	1.65349180047087	0.680202966260249	1
