	diapaused_TE	mTor_TE	paused_TS	cluster
mmu-let-7b-5p	0.773535727069354	0.913851104995241	-2.9906656937032503	0
mmu-let-7d-3p	0.20269184449820998	0.0	-2.90360936442563	0
mmu-miR-127-5p	0.0	0.0	-2.8119189302964402	0
mmu-miR-142a-3p	0.0	0.0	-2.21204398474356	0
mmu-miR-142a-5p	0.0	0.0	-1.8318931628620498	0
mmu-miR-145a-5p	-0.3952137596465779	-0.0757324360441591	-1.9287876240414301	0
mmu-miR-150-5p	0.0	0.675864843167247	-2.2183054705441	0
mmu-miR-154-3p	0.0	0.0	-3.44962525212876	0
mmu-miR-16-1-3p	0.0	0.0	-1.81440090394708	0
mmu-miR-1949	-0.31517713374432	-0.145923565840146	-2.6203016725358	0
mmu-miR-200b-5p	-0.46267521785202503	0.7049862724683109	-1.7950904268813799	0
mmu-miR-203-3p	0.0628091104858232	0.799492502171224	-1.9461093476771598	0
mmu-miR-203-5p	0.0	0.493823696528229	-1.82445393148192	0
mmu-miR-20b-5p	0.0	0.0	-2.97643500203802	0
mmu-miR-214-3p	0.0	0.0	-1.6682081202988401	0
mmu-miR-221-3p	-1.20468614964071	0.6373455295169239	-3.0222866658815897	0
mmu-miR-300-3p	0.0	0.0	-2.1351519518116997	0
mmu-miR-3473e	0.0	0.0	-1.7892543749451202	0
mmu-miR-376b-3p	0.0	0.0	-2.67712968823272	0
mmu-miR-379-3p	0.0	0.0	-2.6520827533502596	0
mmu-miR-381-3p	0.0	0.0	-2.93491783289722	0
mmu-miR-410-3p	0.0	0.256804824035882	-1.88529940139673	0
mmu-miR-411-5p	0.0	0.0	-1.64289196818739	0
mmu-miR-455-5p	0.0	0.0	-2.02413533182674	0
mmu-miR-497a-5p	0.0	0.0	-2.0971217889455303	0
mmu-miR-6236	-0.40704560034649895	-0.0647977415323126	-2.4095245554938196	0
mmu-miR-665-3p	0.0	0.0	-2.02324849011924	0
