	logFC	pval	padj	DE_status	comparison
mmu-miR-10b-5p	2.8114179549384097	1.95640879105436e-08	7.92345560377016e-06	UP	mTor_ICM_VS_wt_ICM
mmu-miR-203-3p	4.06823937599978	0.00028479927414507	0.0384479020095845	UP	mTor_ICM_VS_wt_ICM
mmu-miR-672-5p	-3.18142466773305	5.3665374857828794e-05	0.0108672384087103	DOWN	mTor_ICM_VS_wt_ICM
mmu-miR-5126	-4.97444586002641	4.17810858962915e-07	0.00016921339787998	DOWN	diapaused_TE_VS_wt_TE
mmu-miR-10b-5p	1.96564082402668	9.29394025923549e-05	0.00941011451247593	UP	mTor_TE_VS_wt_TE
mmu-miR-148a-3p	1.8985202397202803	1.25039783920396e-07	2.53205562438803e-05	UP	mTor_TE_VS_wt_TE
mmu-miR-351-5p	-3.2486509040424503	1.10813409525983e-08	4.48794308580232e-06	DOWN	mTor_TE_VS_wt_TE
mmu-miR-503-5p	-3.19807210509812	0.000138142308871867	0.0111895270186212	DOWN	mTor_TE_VS_wt_TE
mmu-miR-672-5p	-3.7766836582791297	6.6944890760446e-05	0.009037560252660209	DOWN	mTor_TE_VS_wt_TE
