	diapaused_ICM	mTor_ICM	paused_E14	cluster
mmu-miR-142a-3p	-2.00904429067042	-2.5931429331882403	-4.1178218763490895	7
mmu-miR-302d-3p	-1.6746581637601998	-2.46633421376722	-4.94294205401334	7
mmu-miR-669l-5p	-2.14259989819739	-1.90704143109122	-4.08556657371898	7
